periodo,inadimplencia_pf,comprometimento_total,comprometimento_sem_imob,comprometimento_total_lag_-4,comprometimento_sem_imob_lag_-4,diff_inadimplencia_pf,diff_comprometimento_total
2011-03-01,4.6,23.9,23.0,23.2,22.1,,
2011-04-01,4.7,23.8,22.8,23.4,22.2,0.10000000000000053,-0.09999999999999787
2011-05-01,4.8,23.5,22.4,23.9,22.7,0.09999999999999964,-0.3000000000000007
2011-06-01,4.8,23.3,22.2,24.4,23.1,0.0,-0.1999999999999993
2011-07-01,4.9,23.2,22.1,24.3,23.0,0.10000000000000053,-0.10000000000000142
2011-08-01,5.0,23.4,22.2,24.3,22.9,0.09999999999999964,0.1999999999999993
2011-09-01,5.0,23.9,22.7,24.2,22.9,0.0,0.5
2011-10-01,5.2,24.4,23.1,24.2,22.9,0.20000000000000018,0.5
2011-11-01,5.2,24.3,23.0,24.3,22.9,0.0,-0.09999999999999787
2011-12-01,5.2,24.3,22.9,24.2,22.8,0.0,0.0
2012-01-01,5.4,24.2,22.9,24.2,22.9,0.20000000000000018,-0.10000000000000142
2012-02-01,5.4,24.2,22.9,24.0,22.7,0.0,0.0
2012-03-01,5.4,24.3,22.9,23.8,22.5,0.0,0.10000000000000142
2012-04-01,5.4,24.2,22.8,23.4,22.1,0.0,-0.10000000000000142
2012-05-01,5.5,24.2,22.9,23.3,21.9,0.09999999999999964,0.0
2012-06-01,5.4,24.0,22.7,23.2,21.8,-0.09999999999999964,-0.1999999999999993
2012-07-01,5.4,23.8,22.5,23.2,21.7,0.0,-0.1999999999999993
2012-08-01,5.4,23.4,22.1,23.1,21.7,0.0,-0.40000000000000213
2012-09-01,5.4,23.3,21.9,23.1,21.7,0.0,-0.09999999999999787
2012-10-01,5.3,23.2,21.8,23.1,21.6,-0.10000000000000053,-0.10000000000000142
2012-11-01,5.2,23.2,21.7,22.9,21.4,-0.09999999999999964,0.0
2012-12-01,5.1,23.1,21.7,22.8,21.3,-0.10000000000000053,-0.09999999999999787
2013-01-01,5.0,23.1,21.7,22.3,20.9,-0.09999999999999964,0.0
2013-02-01,5.0,23.1,21.6,22.2,20.8,0.0,0.0
2013-03-01,4.9,22.9,21.4,22.2,20.7,-0.09999999999999964,-0.20000000000000284
2013-04-01,4.9,22.8,21.3,22.2,20.8,0.0,-0.09999999999999787
2013-05-01,4.9,22.3,20.9,22.3,20.8,0.0,-0.5
2013-06-01,4.6,22.2,20.8,22.3,20.8,-0.3000000000000007,-0.10000000000000142
2013-07-01,4.6,22.2,20.7,22.4,20.9,0.0,0.0
2013-08-01,4.5,22.2,20.8,22.7,21.0,-0.09999999999999964,0.0
2013-09-01,4.4,22.3,20.8,22.6,21.0,-0.09999999999999964,0.10000000000000142
2013-10-01,4.3,22.3,20.8,22.6,20.9,-0.10000000000000053,0.0
2013-11-01,4.2,22.4,20.9,22.5,20.8,-0.09999999999999964,0.09999999999999787
2013-12-01,4.1,22.7,21.0,22.6,20.9,-0.10000000000000053,0.3000000000000007
2014-01-01,4.0,22.6,21.0,22.7,21.0,-0.09999999999999964,-0.09999999999999787
2014-02-01,4.0,22.6,20.9,22.8,21.1,0.0,0.0
2014-03-01,4.1,22.5,20.8,22.8,21.1,0.09999999999999964,-0.10000000000000142
2014-04-01,4.1,22.6,20.9,22.7,21.0,0.0,0.10000000000000142
2014-05-01,4.2,22.7,21.0,22.7,20.9,0.10000000000000053,0.09999999999999787
2014-06-01,4.0,22.8,21.1,22.7,20.9,-0.20000000000000018,0.10000000000000142
2014-07-01,4.1,22.8,21.1,23.1,21.3,0.09999999999999964,0.0
2014-08-01,4.1,22.7,21.0,23.5,21.6,0.0,-0.10000000000000142
2014-09-01,4.0,22.7,20.9,23.9,22.0,-0.09999999999999964,0.0
2014-10-01,4.0,22.7,20.9,24.1,22.1,0.0,0.0
2014-11-01,3.9,23.1,21.3,24.0,22.0,-0.10000000000000009,0.40000000000000213
2014-12-01,3.7,23.5,21.6,24.2,22.1,-0.19999999999999973,0.3999999999999986
2015-01-01,3.8,23.9,22.0,24.2,22.1,0.09999999999999964,0.3999999999999986
2015-02-01,3.8,24.1,22.1,24.3,22.2,0.0,0.20000000000000284
2015-03-01,3.7,24.0,22.0,24.3,22.3,-0.09999999999999964,-0.10000000000000142
2015-04-01,3.8,24.2,22.1,24.4,22.3,0.09999999999999964,0.1999999999999993
2015-05-01,3.9,24.2,22.1,24.6,22.5,0.10000000000000009,0.0
2015-06-01,3.7,24.3,22.2,24.2,22.1,-0.19999999999999973,0.10000000000000142
2015-07-01,3.8,24.3,22.3,23.7,21.7,0.09999999999999964,0.0
2015-08-01,3.9,24.4,22.3,23.0,21.0,0.10000000000000009,0.09999999999999787
2015-09-01,4.0,24.6,22.5,23.3,21.2,0.10000000000000009,0.20000000000000284
2015-10-01,3.9,24.2,22.1,23.4,21.3,-0.10000000000000009,-0.40000000000000213
2015-11-01,3.9,23.7,21.7,23.7,21.6,0.0,-0.5
2015-12-01,4.3,23.0,21.0,23.7,21.6,0.3999999999999999,-0.6999999999999993
2016-01-01,4.3,23.3,21.2,24.0,21.9,0.0,0.3000000000000007
2016-02-01,4.3,23.4,21.3,24.0,21.9,0.0,0.09999999999999787
2016-03-01,4.3,23.7,21.6,23.8,21.8,0.0,0.3000000000000007
2016-04-01,4.3,23.7,21.6,23.8,21.7,0.0,0.0
2016-05-01,4.4,24.0,21.9,23.8,21.7,0.10000000000000053,0.3000000000000007
2016-06-01,4.1,24.0,21.9,23.7,21.6,-0.3000000000000007,0.0
2016-07-01,4.2,23.8,21.8,23.6,21.5,0.10000000000000053,-0.1999999999999993
2016-08-01,4.2,23.8,21.7,23.2,21.1,0.0,0.0
2016-09-01,4.2,23.8,21.7,23.2,21.1,0.0,0.0
2016-10-01,4.2,23.7,21.6,23.0,20.8,0.0,-0.10000000000000142
2016-11-01,4.1,23.6,21.5,22.9,20.8,-0.10000000000000053,-0.09999999999999787
2016-12-01,4.0,23.2,21.1,22.5,20.5,-0.09999999999999964,-0.40000000000000213
2017-01-01,4.0,23.2,21.1,22.2,20.1,0.0,0.0
2017-02-01,4.1,23.0,20.8,22.2,20.1,0.09999999999999964,-0.1999999999999993
2017-03-01,4.1,22.9,20.8,22.3,20.4,0.0,-0.10000000000000142
2017-04-01,4.1,22.5,20.5,22.7,20.7,0.0,-0.3999999999999986
2017-05-01,4.2,22.2,20.1,22.8,20.6,0.10000000000000053,-0.3000000000000007
2017-06-01,3.9,22.2,20.1,22.6,20.4,-0.30000000000000027,0.0
2017-07-01,4.0,22.3,20.4,22.3,20.2,0.10000000000000009,0.10000000000000142
2017-08-01,4.0,22.7,20.7,22.1,20.0,0.0,0.3999999999999986
2017-09-01,3.9,22.8,20.6,21.9,19.9,-0.10000000000000009,0.10000000000000142
2017-10-01,3.9,22.6,20.4,21.9,19.8,0.0,-0.1999999999999993
2017-11-01,3.8,22.3,20.2,22.0,19.9,-0.10000000000000009,-0.3000000000000007
2017-12-01,3.6,22.1,20.0,22.2,20.1,-0.19999999999999973,-0.1999999999999993
2018-01-01,3.8,21.9,19.9,22.5,20.4,0.19999999999999973,-0.20000000000000284
2018-02-01,3.8,21.9,19.8,22.9,20.7,0.0,0.0
2018-03-01,3.7,22.0,19.9,22.4,20.5,-0.09999999999999964,0.10000000000000142
2018-04-01,3.7,22.2,20.1,22.1,20.2,0.0,0.1999999999999993
2018-05-01,3.6,22.5,20.4,22.2,20.0,-0.10000000000000009,0.3000000000000007
2018-06-01,3.5,22.9,20.7,22.2,20.1,-0.10000000000000009,0.3999999999999986
2018-07-01,3.6,22.4,20.5,22.3,20.2,0.10000000000000009,-0.5
2018-08-01,3.5,22.1,20.2,22.6,20.5,-0.10000000000000009,-0.29999999999999716
2018-09-01,3.5,22.2,20.0,22.8,20.7,0.0,0.09999999999999787
2018-10-01,3.4,22.2,20.1,23.0,20.8,-0.10000000000000009,0.0
2018-11-01,3.3,22.3,20.2,23.0,20.9,-0.10000000000000009,0.10000000000000142
2018-12-01,3.3,22.6,20.5,23.5,21.3,0.0,0.3000000000000007
2019-01-01,3.4,22.8,20.7,23.9,21.7,0.10000000000000009,0.1999999999999993
2019-02-01,3.3,23.0,20.8,25.1,23.0,-0.10000000000000009,0.1999999999999993
2019-03-01,3.4,23.0,20.9,24.7,22.8,0.10000000000000009,0.0
2019-04-01,3.4,23.5,21.3,24.7,22.8,0.0,0.5
2019-05-01,3.5,23.9,21.7,23.9,21.8,0.10000000000000009,0.3999999999999986
2019-06-01,3.4,25.1,23.0,23.5,21.5,-0.10000000000000009,1.2000000000000028
2019-07-01,3.5,24.7,22.8,23.0,21.0,0.10000000000000009,-0.40000000000000213
2019-08-01,3.5,24.7,22.8,22.6,20.7,0.0,0.0
2019-09-01,3.6,23.9,21.8,22.6,20.6,0.10000000000000009,-0.8000000000000007
2019-10-01,3.6,23.5,21.5,22.6,20.8,0.0,-0.3999999999999986
2019-11-01,3.6,23.0,21.0,23.7,21.7,0.0,-0.5
2019-12-01,3.6,22.6,20.7,23.2,21.2,0.0,-0.3999999999999986
2020-01-01,3.6,22.6,20.6,21.8,19.9,0.0,0.0
2020-02-01,3.7,22.6,20.8,20.5,18.7,0.10000000000000009,0.0
2020-03-01,4.0,23.7,21.7,19.9,18.2,0.2999999999999998,1.0999999999999979
2020-04-01,4.1,23.2,21.2,19.8,18.1,0.09999999999999964,-0.5
2020-05-01,4.0,21.8,19.9,20.0,18.1,-0.09999999999999964,-1.3999999999999986
2020-06-01,3.7,20.5,18.7,20.5,18.5,-0.2999999999999998,-1.3000000000000007
2020-07-01,3.5,19.9,18.2,21.3,19.2,-0.20000000000000018,-0.6000000000000014
2020-08-01,3.3,19.8,18.1,21.8,19.9,-0.20000000000000018,-0.09999999999999787
2020-09-01,3.2,20.0,18.1,22.2,20.1,-0.09999999999999964,0.1999999999999993
2020-10-01,3.1,20.5,18.5,22.0,20.0,-0.10000000000000009,0.5
2020-11-01,3.0,21.3,19.2,22.3,20.3,-0.10000000000000009,0.8000000000000007
2020-12-01,2.9,21.8,19.9,22.4,20.3,-0.10000000000000009,0.5
2021-01-01,2.9,22.2,20.1,22.8,20.7,0.0,0.3999999999999986
2021-02-01,3.0,22.0,20.0,23.0,21.0,0.10000000000000009,-0.1999999999999993
2021-03-01,2.9,22.3,20.3,23.3,21.3,-0.10000000000000009,0.3000000000000007
2021-04-01,3.0,22.4,20.3,23.6,21.7,0.10000000000000009,0.09999999999999787
2021-05-01,3.0,22.8,20.7,24.5,22.4,0.0,0.40000000000000213
2021-06-01,2.9,23.0,21.0,25.2,23.0,-0.10000000000000009,0.1999999999999993
2021-07-01,2.9,23.3,21.3,25.5,23.3,0.0,0.3000000000000007
2021-08-01,3.0,23.6,21.7,25.6,23.5,0.10000000000000009,0.3000000000000007
2021-09-01,3.0,24.5,22.4,26.0,23.9,0.0,0.8999999999999986
2021-10-01,3.0,25.2,23.0,25.6,23.6,0.0,0.6999999999999993
2021-11-01,3.0,25.5,23.3,25.4,23.4,0.0,0.3000000000000007
2021-12-01,3.0,25.6,23.5,25.6,23.5,0.0,0.10000000000000142
2022-01-01,3.3,26.0,23.9,25.4,23.5,0.2999999999999998,0.3999999999999986
2022-02-01,3.4,25.6,23.6,26.0,24.1,0.10000000000000009,-0.3999999999999986
2022-03-01,3.4,25.4,23.4,26.5,24.6,0.0,-0.20000000000000284
2022-04-01,3.5,25.6,23.5,26.9,25.0,0.10000000000000009,0.20000000000000284
2022-05-01,3.6,25.4,23.5,27.2,25.1,0.10000000000000009,-0.20000000000000284
2022-06-01,3.6,26.0,24.1,27.2,25.2,0.0,0.6000000000000014
2022-07-01,3.7,26.5,24.6,27.3,25.3,0.10000000000000009,0.5
2022-08-01,3.8,26.9,25.0,27.6,25.5,0.09999999999999964,0.3999999999999986
2022-09-01,3.8,27.2,25.1,27.7,25.6,0.0,0.3000000000000007
2022-10-01,3.9,27.2,25.2,27.7,25.6,0.10000000000000009,0.0
2022-11-01,3.9,27.3,25.3,27.7,25.6,0.0,0.10000000000000142
2022-12-01,3.9,27.6,25.5,27.8,25.7,0.0,0.3000000000000007
2023-01-01,4.1,27.7,25.6,28.0,25.9,0.19999999999999973,0.09999999999999787
2023-02-01,4.2,27.7,25.6,27.8,25.7,0.10000000000000053,0.0
2023-03-01,4.1,27.7,25.6,27.3,25.3,-0.10000000000000053,0.0
2023-04-01,4.3,27.8,25.7,26.9,24.9,0.20000000000000018,0.10000000000000142
2023-05-01,4.3,28.0,25.9,26.8,24.7,0.0,0.1999999999999993
2023-06-01,4.2,27.8,25.7,26.8,24.7,-0.09999999999999964,-0.1999999999999993
2023-07-01,4.2,27.3,25.3,26.5,24.4,0.0,-0.5
2023-08-01,4.1,26.9,24.9,25.8,23.7,-0.10000000000000053,-0.40000000000000213
2023-09-01,4.0,26.8,24.7,25.7,23.6,-0.09999999999999964,-0.09999999999999787
2023-10-01,4.0,26.8,24.7,25.8,23.8,0.0,0.0
2023-11-01,3.9,26.5,24.4,26.1,24.0,-0.10000000000000009,-0.3000000000000007
2023-12-01,3.7,25.8,23.7,26.1,24.0,-0.19999999999999973,-0.6999999999999993
2024-01-01,3.8,25.7,23.6,26.0,23.9,0.09999999999999964,-0.10000000000000142
2024-02-01,3.8,25.8,23.8,26.4,24.3,0.0,0.10000000000000142
2024-03-01,3.7,26.1,24.0,26.5,24.5,-0.09999999999999964,0.3000000000000007
2024-04-01,3.7,26.1,24.0,26.7,24.6,0.0,0.0
2024-05-01,3.8,26.0,23.9,26.5,24.4,0.09999999999999964,-0.10000000000000142
2024-06-01,3.7,26.4,24.3,26.4,24.3,-0.09999999999999964,0.3999999999999986
2024-07-01,3.8,26.5,24.5,26.4,24.3,0.09999999999999964,0.10000000000000142
2024-08-01,3.8,26.7,24.6,26.8,24.5,0.0,0.1999999999999993
2024-09-01,3.8,26.5,24.4,26.7,24.5,0.0,-0.1999999999999993
2024-10-01,3.8,26.4,24.3,26.8,24.6,0.0,-0.10000000000000142
2024-11-01,3.7,26.4,24.3,27.0,24.8,-0.09999999999999964,0.0
2024-12-01,3.6,26.8,24.5,27.1,24.9,-0.10000000000000009,0.40000000000000213
2025-01-01,3.9,26.7,24.5,27.2,25.0,0.2999999999999998,-0.10000000000000142
2025-02-01,4.0,26.8,24.6,27.2,25.1,0.10000000000000009,0.10000000000000142
2025-03-01,4.0,27.0,24.8,27.3,25.2,0.0,0.1999999999999993
2025-04-01,4.2,27.1,24.9,27.6,25.4,0.20000000000000018,0.10000000000000142
2025-05-01,4.4,27.2,25.0,27.8,25.6,0.20000000000000018,0.09999999999999787
2025-06-01,4.4,27.2,25.1,27.9,25.7,0.0,0.0
2025-07-01,4.7,27.3,25.2,27.9,25.7,0.2999999999999998,0.10000000000000142
2025-08-01,4.9,27.6,25.4,28.1,25.7,0.20000000000000018,0.3000000000000007
2025-09-01,4.9,27.8,25.6,,,0.0,0.1999999999999993
2025-10-01,5.0,27.9,25.7,,,0.09999999999999964,0.09999999999999787
2025-11-01,5.1,27.9,25.7,,,0.09999999999999964,0.0
2025-12-01,5.1,28.1,25.7,,,0.0,0.20000000000000284
